CREATE DATABASE IF NOT EXISTS cuisine_crusader;
USE cuisine_crusader;

DROP TABLE IF EXISTS cuisine_associations;
DROP TABLE IF EXISTS taste_associations;
DROP TABLE IF EXISTS technique_associations;
DROP TABLE IF EXISTS cuisine;
DROP TABLE IF EXISTS taste;
DROP TABLE IF EXISTS techniques;

CREATE TABLE IF NOT EXISTS techniques (
  id    SMALLINT(4)   NOT NULL  AUTO_INCREMENT  UNIQUE,
  name  VARCHAR(30)   NOT NULL,
  PRIMARY KEY (id)
);

ALTER TABLE techniques AUTO_INCREMENT=11;

CREATE TABLE IF NOT EXISTS taste (
  id    SMALLINT(4)   NOT NULL  AUTO_INCREMENT  UNIQUE,
  name  VARCHAR(30)   NOT NULL,
  PRIMARY KEY (id)
);

ALTER TABLE taste AUTO_INCREMENT=66;

CREATE TABLE IF NOT EXISTS cuisine (
    id        INT(8)      NOT NULL  AUTO_INCREMENT  UNIQUE,
    name      VARCHAR(30) NOT NULL,
    season    ENUM('Autumn', 'Autumn-Spring',
                   'Autumn-Winter', 'Spring',
                   'Spring-Autumn', 'Spring-Summer',
                   'Summer', 'Summer-Autumn', 'Winter',
                   'Winter-Spring', 'Year-Round'),
    function  ENUM('Cooling', 'Heating', 'Warming'),
    weight    ENUM('Heavy', 'Light', 'Light-Medium', 'Medium', 'Medium-Heavy', 'Very Light'),
    volume    ENUM('Loud', 'Mild-Moderate', 'Moderate-Loud', 'Quiet',
                   'Quiet-Moderate', 'Variable', 'Very Loud', 'Very Quiet', 'Moderate'),
    tips      VARCHAR(300),
    PRIMARY KEY (id)
);

ALTER TABLE cuisine AUTO_INCREMENT=3003;

CREATE TABLE IF NOT EXISTS technique_associations (
    cuisine_id    INT(8)      NOT NULL,
    technique_id  SMALLINT(4) NOT NULL,
    INDEX (cuisine_id),
    INDEX (technique_id),
    FOREIGN KEY (cuisine_id)
      REFERENCES cuisine(id)
      ON UPDATE CASCADE
      ON DELETE RESTRICT,
    FOREIGN KEY (technique_id)
      REFERENCES techniques(id)
      ON UPDATE CASCADE
      ON DELETE RESTRICT,
    PRIMARY KEY (cuisine_id, technique_id)
);

CREATE TABLE IF NOT EXISTS taste_associations (
    cuisine_id    INT(8)      NOT NULL,
    taste_id      SMALLINT(4) NOT NULL,
    INDEX (cuisine_id),
    INDEX (taste_id),
    FOREIGN KEY (cuisine_id)
      REFERENCES cuisine(id)
      ON UPDATE CASCADE
      ON DELETE RESTRICT,
    FOREIGN KEY (taste_id)
      REFERENCES taste(id)
      ON UPDATE CASCADE
      ON DELETE RESTRICT,
    PRIMARY KEY (cuisine_id, taste_id)
);

CREATE TABLE IF NOT EXISTS cuisine_associations (
    cuisine_id      INT(8) NOT NULL,
    association_id  INT(8) NOT NULL,
    compatibility   ENUM('Avoid', 'Compatible', 'Recommended', 'Highly Recommended', 'Highest Recommendation'),
    INDEX (cuisine_id),
    INDEX (association_id),
    FOREIGN KEY (cuisine_id)
      REFERENCES cuisine(id)
      ON UPDATE CASCADE
      ON DELETE RESTRICT,
    FOREIGN KEY (association_id)
      REFERENCES cuisine(id)
      ON UPDATE CASCADE
      ON DELETE RESTRICT,
    PRIMARY KEY (cuisine_id, association_id)
);

INSERT INTO techniques (id, name) VALUES
  (11, 'Sauté'),
  (12, 'Bake'),
  (13, 'Grill'),
  (14, 'Poach'),
  (15, 'Raw'),
  (16, 'Stew'),
  (17, 'Braise'),
  (18, 'Boil'),
  (19, 'Broil'),
  (20, 'Deep-Fry'),
  (21, 'Roast'),
  (22, 'Steam'),
  (23, 'Blanche'),
  (24, 'Cream'),
  (25, 'Fry'),
  (26, 'Soups'),
  (27, 'Wilt'),
  (28, 'Pan Roast'),
  (29, 'Simmer'),
  (30, 'Stir-Fry'),
  (31, 'Glaze'),
  (32, 'Caramelize'),
  (33, 'Ceviche'),
  (34, 'Sear'),
  (35, 'Cooked Applications'),
  (36, 'Puree'),
  (37, 'Refry'),
  (38, 'Barbecue'),
  (39, 'Dry Roast'),
  (40, 'Carpaccio'),
  (41, 'Chips'),
  (42, 'Stuff'),
  (43, 'Blacken'),
  (44, 'Ferment'),
  (45, 'Gratin'),
  (46, 'Gratiné'),
  (47, 'Parboil'),
  (48, 'Candy'),
  (49, 'Cakes'),
  (50, 'Steep'),
  (51, 'Tempura'),
  (52, 'Pickle'),
  (53, 'Scramble'),
  (54, 'Terrine'),
  (55, 'Juice'),
  (56, 'Marinades'),
  (57, 'Sauces'),
  (58, 'Emulsify'),
  (59, 'Corn'),
  (60, 'Smoke')
;

INSERT INTO taste (id, name) VALUES
  (66, 'Sweet'),
  (67, 'Salty'),
  (68, 'Bitter'),
  (69, 'Astringent'),
  (70, 'Anise'),
  (71, 'Various'),
  (72, 'Sour'),
  (73, 'Pungent'),
  (74, 'Rich'),
  (75, 'Piquant'),
  (76, 'Hot'),
  (77, 'Very Hot'),
  (78, 'Spicy'),
  (79, 'Bittersweet'),
  (80, 'Savory')
;

INSERT INTO cuisine (id, name, season, function, weight, volume, tips) VALUES
  (3003, 'Achiote Seeds', NULL, NULL, NULL, NULL, NULL),
  (3004, 'Afghan Cuisine', NULL, NULL, NULL, NULL, NULL),
  (3005, 'African Cuisine', NULL, NULL, NULL, NULL, NULL),
  (3006, 'African Cuisine (North)', NULL, NULL, NULL, NULL, NULL),
  (3007, 'African Cuisine (South)', NULL, NULL, NULL, NULL, NULL),
  (3008, 'African Cuisine (West)', NULL, NULL, NULL, NULL, NULL),
  (3009, 'Allspice', 'Autumn-Winter', NULL, 'Medium', 'Loud', 'Add early in cooking.'),
  (3010, 'Almonds', NULL, 'Warming', 'Medium', 'Quiet', NULL),
  (3011, 'Amaretto', NULL, NULL, NULL, NULL, NULL),
  (3012, 'Anchovies', NULL, NULL, 'Light', 'Loud', NULL),
  (3013, 'Angelica', NULL, NULL, NULL, 'Loud', 'Add late in cooking; use in baking. Use to balance high-acid fruit, to reduce the need for sweeteners.'),
  (3014, 'Anise', NULL, 'Warming', 'Light-Medium', 'Moderate-Loud', 'Add early in cooking.'),
  (3015, 'Anise Hyssop', 'Spring-Summer', NULL, 'Light-Medium', 'Quiet-Moderate', NULL),
  (3016, 'Anise, Star', NULL, NULL, 'Medium', 'Moderate-Loud', 'Add at the beginning of the cooking process. Use in stir-fries.'),
  (3017, 'Apples', 'Autumn', 'Cooling', 'Medium', 'Quiet-Moderate', NULL),
  (3018, 'Apricots', 'Summer', NULL, 'Medium', 'Moderate', NULL),
  (3019, 'Apricots, Dried', NULL, NULL, NULL, NULL, NULL),
  (3020, 'Argentinian Cuisine', NULL, NULL, NULL, NULL, NULL),
  (3021, 'Artichokes', 'Spring-Autumn', NULL, 'Medium', 'Moderate-Loud', NULL),
  (3002, 'Artichokes, Jerusalem', 'Autumn-Spring', NULL, 'Medium', 'Moderate', NULL),
  (3022, 'Arugula', 'Spring-Summer', NULL, 'Light-Medium', 'Moderate-Loud', NULL),
  (3023, 'Asparagus', 'Spring', NULL, 'Light-Medium', 'Moderate', NULL),
  (3024, 'Asparagus, White', 'Spring', NULL, 'Light', 'Quiet-Moderate', 'Covered to deprive it of sunlight while growing, white asparagus is lighter in flavor and texture than green asparagus.'),
  (3025, 'Astringency', NULL, 'Cooling', NULL, NULL, NULL),
  (3026, 'Australian Cuisine', NULL, NULL, NULL, NULL, NULL),
  (3027, 'Austrian Cuisine', NULL, NULL, NULL, NULL, NULL),
  (3028, 'Avocados', 'Spring-Summer', NULL, 'Medium-Heavy', 'Quiet', 'Use to add richness to a dish.'),
  (3029, 'Bacon', NULL, NULL, 'Medium', 'Moderate', NULL),
  (3030, 'Bananas', 'Winter', 'Cooling', 'Medium', 'Quiet', 'Sugar enhances the flavor of bananas.'),
  (3031, 'Barley', NULL, 'Cooling', NULL, NULL, NULL),
  (3032, 'Basil', 'Summer', NULL, 'Light', 'Mild-Moderate', 'Add just before serving. Use to add a note of freshness to a dish.'),
  (3033, 'Basil, Thai', NULL, NULL, NULL, NULL, NULL),
  (3034, 'Bass', NULL, NULL, 'Light', 'Quiet', NULL),
  (3035, 'Bass, Black', NULL, NULL, 'Medium', 'Quiet', NULL),
  (3036, 'Bass, Sea', 'Winter-Spring', NULL, 'Medium', 'Quiet', NULL),
  (3037, 'Bass, Striped', NULL, NULL, 'Medium', 'Quiet', NULL),
  (3038, 'Bay Leaf', NULL, NULL, 'Light', 'Variable', NULL),
  (3039, 'Beans, General', NULL, NULL, NULL, NULL, NULL),
  (3040, 'Beans, Black', NULL, NULL, 'Medium-Heavy', 'Moderate', NULL),
  (3041, 'Beans, Cannellini', NULL, NULL, 'Medium', 'Quiet-Moderate', NULL),
  (3042, 'Beans, Fava', 'Spring-Summer', NULL, 'Light-Medium', 'Moderate', NULL),
  (3043, 'Beans, Flageolet', NULL, NULL, 'Light-Medium', 'Quiet', NULL),
  (3044, 'Beans, Green', 'Summer-Autumn', NULL, 'Light-Medium', 'Moderate', NULL),
  (3045, 'Beans, Kidney', NULL, 'Cooling', 'Medium', 'Moderate', NULL),
  (3046, 'Beans, Lima', 'Summer', NULL, 'Medium', 'Moderate', NULL),
  (3047, 'Beans, Navy', NULL, NULL, 'Medium', 'Moderate', NULL),
  (3048, 'Beans, Pinto', 'Winter', NULL, 'Medium', 'Moderate', NULL),
  (3049, 'Beans, Red', NULL, NULL, 'Medium', 'Moderate', NULL),
  (3050, 'Beans, White', 'Winter', NULL, 'Medium', 'Moderate', NULL),
  (3051, 'Beef, General', NULL, 'Heating', 'Medium-Heavy', 'Moderate', 'Clove adds richness to beef.'),
  (3052, 'Beef, Brisket', NULL, NULL, NULL, NULL, NULL),
  (3053, 'Beef, Cheeks', NULL, NULL, NULL, NULL, NULL),
  (3054, 'Beef, Kobe', NULL, NULL, NULL, NULL, NULL),
  (3055, 'Beef, Loin', NULL, NULL, NULL, NULL, NULL),
  (3056, 'Beef, Oxtails', NULL, NULL, NULL, NULL, NULL),
  (3057, 'Beef, Ribs', NULL, NULL, NULL, NULL, NULL),
  (3058, 'Beef, Roast', NULL, NULL, NULL, NULL, NULL),
  (3059, 'Beef, Round', NULL, NULL, NULL, NULL, NULL),
  (3060, 'Beef, Shank', NULL, NULL, NULL, NULL, NULL),
  (3061, 'Beef, Short Ribs', NULL, NULL, NULL, NULL, NULL),
  (3062, 'Beef, Steak: General', NULL, NULL, NULL, NULL, NULL),
  (3063, 'Beef, Steak: Chuck', NULL, NULL, NULL, NULL, NULL),
  (3064, 'Beef, Steak: Filet Mignon', NULL, NULL, NULL, NULL, NULL),
  (3065, 'Beef, Steak: Flank', NULL, NULL, NULL, NULL, NULL),
  (3066, 'Beef, Steak: Hangar', NULL, NULL, NULL, NULL, NULL),
  (3067, 'Beef, Steak: Rib Eye', NULL, NULL, NULL, NULL, NULL),
  (3068, 'Beef, Steak: Skirt', NULL, NULL, NULL, NULL, NULL),
  (3069, 'Beer', NULL, NULL, 'Medium-Heavy', 'Variable', NULL),
  (3070, 'Beets', 'Year-Round', 'Heating', 'Medium', 'Moderate', NULL),
  (3071, 'Belgian Cuisine', NULL, NULL, NULL, NULL, NULL),
  (3072, 'Bell Peppers', 'Summer-Autumn', NULL, 'Light-Medium', 'Moderate-Loud', NULL),
  (3073, 'Berries, general', 'Spring-Summer', NULL, 'Light', 'Quiet-Moderate', NULL),
  (3074, 'Bitterness', NULL, 'Cooling', NULL, NULL, 'Bitterness stimulates appetite, promotes other tastes, and relieves thirst.')
;

INSERT INTO technique_associations (cuisine_id, technique_id) VALUES
  (3018, 12),
  (3018, 13),
  (3018, 14),
  (3018, 15),
  (3018, 16),
  (3019, 14),
  (3019, 16),
  (3017, 12),
  (3017, 32),
  (3017, 20),
  (3017, 13),
  (3017, 14),
  (3017, 15),
  (3017, 11),
  (3017, 16),
  (3021, 12),
  (3021, 18),
  (3021, 19),
  (3021, 17),
  (3021, 20),
  (3021, 13),
  (3021, 15),
  (3021, 21),
  (3021, 11),
  (3021, 22),
  (3021, 16),
  (3002, 12),
  (3002, 23),
  (3002, 24),
  (3002, 25),
  (3002, 21),
  (3002, 11),
  (3022, 17),
  (3022, 15),
  (3022, 11),
  (3022, 26),
  (3022, 27),
  (3023, 23),
  (3023, 18),
  (3023, 20),
  (3023, 13),
  (3023, 28),
  (3023, 29),
  (3023, 22),
  (3023, 30),
  (3024, 23),
  (3024, 18),
  (3024, 11),
  (3024, 22),
  (3028, 15),
  (3030, 12),
  (3030, 19),
  (3030, 32),
  (3030, 20),
  (3030, 13),
  (3030, 14),
  (3030, 15),
  (3030, 11),
  (3031, 29),
  (3034, 12),
  (3034, 19),
  (3034, 20),
  (3034, 14),
  (3034, 21),
  (3034, 11),
  (3034, 22),
  (3036, 12),
  (3036, 19),
  (3036, 33),
  (3036, 20),
  (3036, 13),
  (3036, 28),
  (3036, 14),
  (3036, 21),
  (3036, 11),
  (3036, 22),
  (3037, 12),
  (3037, 17),
  (3037, 19),
  (3037, 20),
  (3037, 13),
  (3037, 28),
  (3037, 14),
  (3037, 15),
  (3037, 21),
  (3037, 11),
  (3037, 34),
  (3037, 22),
  (3038, 35),
  (3040, 29),
  (3041, 17),
  (3041, 36),
  (3041, 29),
  (3042, 18),
  (3042, 36),
  (3042, 29),
  (3043, 29),
  (3044, 18),
  (3044, 13),
  (3044, 11),
  (3044, 22),
  (3044, 30),
  (3045, 18),
  (3045, 29),
  (3046, 29),
  (3046, 22),
  (3047, 29),
  (3048, 37),
  (3048, 29),
  (3052, 38),
  (3052, 17),
  (3052, 59),
  (3052, 21),
  (3052, 29),
  (3052, 60),
  (3053, 17),
  (3055, 28),
  (3055, 21),
  (3056, 17),
  (3056, 16),
  (3057, 38),
  (3057, 17),
  (3057, 39),
  (3058, 21),
  (3059, 13),
  (3059, 11),
  (3059, 30),
  (3060, 17),
  (3061, 38),
  (3061, 17),
  (3061, 16),
  (3062, 19),
  (3062, 13),
  (3062, 11),
  (3063, 17),
  (3063, 13),
  (3063, 16),
  (3064, 19),
  (3064, 13),
  (3064, 11),
  (3065, 19),
  (3065, 13),
  (3065, 11),
  (3065, 30),
  (3066, 19),
  (3066, 13),
  (3066, 11),
  (3067, 19),
  (3067, 13),
  (3067, 11),
  (3067, 30),
  (3068, 19),
  (3068, 13),
  (3068, 11),
  (3070, 12),
  (3070, 18),
  (3070, 40),
  (3070, 41),
  (3070, 21),
  (3070, 26),
  (3070, 22),
  (3072, 12),
  (3072, 19),
  (3072, 13),
  (3072, 21),
  (3072, 11),
  (3072, 22),
  (3072, 16),
  (3072, 30),
  (3072, 42),
  (3073, 14),
  (3073, 15)
;

INSERT INTO taste_associations (cuisine_id, taste_id) VALUES
  (3009, 66),
  (3010, 66),
  (3012, 67),
  (3013, 66),
  (3013, 68),
  (3015, 66),
  (3016, 66),
  (3016, 68),
  (3017, 66),
  (3017, 69),
  (3018, 66),
  (3022, 68),
  (3025, 69),
  (3029, 67),
  (3030, 66),
  (3030, 69),
  (3031, 66),
  (3031, 69),
  (3032, 66),
  (3033, 70),
  (3038, 66),
  (3038, 68),
  (3042, 68),
  (3045, 66),
  (3045, 69),
  (3046, 68),
  (3051, 66),
  (3069, 71),
  (3070, 66),
  (3072, 66),
  (3072, 68),
  (3074, 68)
;
/*
INSERT INTO cuisine_associations (cuisine_id, association_id, compatibility) VALUES
  ()
;
*/